6.1474,-5.0925,1
3.1032,-7.2291,1
4.4937,-4.1283,1
5.1227,-7.0057,1
2.7646,-7.9143,1
4.8715,-6.3378,1
5.6608,-5.4283,1
2.8116,-5.6205,1
5.0616,-6.697,1
3.5885,-6.8194,1
6.4458,-5.5959,1
3.7568,-8.2641,1
4.1508,-6.6554,1
6.0634,-7.1055,1
6.4577,-4.9152,1
7.197,-2.1103,1
7.4059,-4.7096,1
3.9124,-6.2981,1
4.8665,-5.8493,1
5.1931,-4.2703,1
6.4315,-6.5814,1
6.6891,-2.9492,1
5.7593,-6.733,1
5.5605,-5.2372,1
7.2381,-6.7615,1
3.0281,-9.6541,1
7.2185,-6.0153,1
4.046,-5.9951,1
4.8397,-2.7058,1
3.4989,-7.6019,1
3.7964,-7.5276,1
5.166,-7.2447,1
5.886,1.5088,1
6.351,-4.5655,1
4.4,-5.4482,1
5.5079,-5.8476,1
6.9888,-3.8863,1
7.9055,-6.5106,1
7.6426,-4.3637,1
4.7223,-5.5928,1
4.5184,-7.2501,1
2.3844,-7.6842,1
8.9093,-1.1078,1
8.3077,-5.0753,1
4.6554,-5.126,1
6.5468,-4.3727,1
4.0729,-7.3135,1
7.0755,-3.8181,1
6.3651,-2.8651,1
6.3697,-4.9438,1
4.4063,-7.0052,1
5.5077,-4.7857,1
2.3063,-4.4654,1
6.6204,-4.8054,1
4.0869,-7.7026,1
6.1198,-4.5883,1
3.8181,-8.6897,1
4.905,-7.5708,1
5.0019,-6.0578,1
4.9494,-3.5412,1
6.2967,-8.8363,1
6.1341,-4.8114,1
6.4676,-0.24978,1
5.5275,-3.8865,1
5.8374,-6.432,1
6.3244,-3.3128,1
4.6161,-4.6584,1
8.8011,-1.8924,1
6.6449,-3.7243,1
2.5912,-8.2086,1
2.9976,-7.1725,1
6.4175,-3.411,1
6.4244,-5.0478,1
5.3482,-6.4616,1
4.9974,-4.7902,1
4.99,-5.5749,1
6.8716,-5.3581,1
4.4118,-9.0863,1
4.381,-6.8337,1
6.6829,-5.3513,1
4.3363,-7.0503,1
4.86,-4.9415,1
0.02371,-14.147,1
4.718,-8.0845,1
3.2734,-6.4702,1
6.8459,-4.8302,1
4.6451,-6.027,1
4.6838,-8.4134,1
6.6674,-4.9357,1
5.6738,-3.6889,1
5.7819,-5.7571,1
7.0755,-4.4563,1
4.6301,-3.5799,1
6.4821,-5.4302,1
3.7549,-4.7195,1
4.659,-4.9581,1
3.8021,-7.174,1
3.3529,-7.2152,1
1.8373,-8.9148,1
4.1404,-6.7482,1
5.792,-5.9691,1
7.2853,-2.8662,1
3.5544,-9.2217,1
4.7793,-5.4119,1
2.9543,-5.0144,1
6.2702,-6.1315,1
2.3274,-8.0406,1
6.0215,-3.7959,1
5.6142,-7.0344,1
2.716,-8.3392,1
5.24,-5.4874,1
5.312,-6.7522,1
4.1269,-7.7132,1
3.5407,-8.568,1
4.3925,-1.8712,1
3.36,-8.2345,1
6.8685,-4.4784,1
8.0567,-4.8623,1
7.3718,-1.6525,1
3.8634,-9.4117,1
3.4726,-7.1254,1
7.5686,-3.5338,1
0.91365,-11.06,1
6.045,-2.053,1
4.617,-6.3177,1
5.0449,-5.8802,1
7.1878,-2.5715,1
6.0398,-5.316,1
6.0228,-3.8955,1
5.2876,-8.5299,1
6.3767,-3.6937,1
5.9558,-5.3843,1
6.3166,-3.7491,1
6.6396,-6.5713,1
4.917,-7.0692,1
3.8289,-8.3103,1
5.6394,-6.6156,1
4.9549,-8.9773,1
5.5357,-4.3895,1
4.3882,-7.3108,1
7.9841,-5.2887,1
6.0231,-4.4004,1
5.4442,-7.183,1
5.7362,-6.6687,1
6.1855,-6.9704,1
2.0347,-7.516,1
4.3601,-8.0088,1
3.2797,-6.4609,1
1.7736,-7.8895,1
5.8151,-6.0843,1
4.3038,-4.6063,1
3.278,-6.1744,1
4.823,-8.37,1
6.0775,-5.0798,1
4.2256,-6.0559,1
3.9732,-11.418,1
5.0008,-6.7675,1
5.9094,-2.5509,1
5.8674,-3.8286,1
3.7979,-6.5444,1
3.3913,-6.8951,1
4.1948,-7.9806,1
2.1252,-8.7523,1
5.9461,-2.6896,1
3.7201,-9.1034,1
2.9343,-6.7126,1
4.9577,-7.9889,1
4.8905,-7.1533,1
3.5097,-5.0936,1
5.6469,-3.3016,1
5.669,-3.8702,1
6.9687,-5.8486,1
4.7186,-1.5629,1
5.5616,-6.4214,1
5.0253,-1.5751,1
5.6898,-6.2218,1
3.6064,-8.1144,1
5.1221,-10.628,1
5.2407,-6.4294,1
4.8117,-2.372,1
3.8574,-6.447,1
4.234,-3.4665,1
3.9826,-4.4763,1
3.6689,-7.1408,1
3.2461,-7.114,1
5.6963,-3.9211,1
4.1853,-6.6225,1
6.2165,-4.7731,1
3.4654,-5.7198,1
2.4614,-7.2611,1
4.2294,-4.2201,1
5.8487,-5.2526,1
6.8626,-4.4938,1
6.1025,-3.1373,1
3.6214,-8.8192,1
1.4135,-10.371,1
6.6388,-3.474,1
7.3178,-1.835,1
4.3052,-5.7588,1
7.9314,-0.087545,1
5.7645,-4.0782,1
6.8288,-4.7381,1
5.4241,-4.9633,1
4.3016,-7.3639,1
5.1696,-9.5481,1
4.0451,-2.5952,1
4.6044,-2.5514,1
6.7016,-7.88,1
6.4294,-5.0572,1
5.9349,-6.7116,1
3.8748,-7.5668,1
3.1098,-7.183,1
5.1791,-7.1447,1
4.9014,-5.6092,1
4.8841,-5.8357,1
0.65712,-11.112,1
4.5532,-8.582,1
4.3104,-8.436,1
3.5965,-8.5229,1
3.9749,-6.0392,1
2.129,-9.4311,1
6.3242,-6.1402,1
3.7013,-7.0309,1
7.0106,-3.684,1
6.4127,-4.1269,1
4.2429,-4.4251,1
5.1554,-7.4538,1
4.0736,-7.2333,1
7.7713,-3.592,1
5.3959,-6.9106,1
6.0839,-2.2172,1
5.2391,-3.7015,1
7.5629,-6.264,1
5.3213,-4.016,1
5.4256,-6.4271,1
5.2954,-8.4198,1
2.9628,-9.8237,1
4.5905,-4.0031,1
5.4732,-5.3431,1
6.0087,-6.8461,1
6.0691,-3.1848,1
6.3945,-5.473,1
6.724,-2.0215,1
6.2111,-6.4413,1
4.93,-6.9315,1
5.6898,-6.5411,1
5.4461,-9.0745,1
4.742,-2.9619,1
8.715,-2.8916,1
6.679,-2.8777,1
6.0064,-4.7808,1
3.609,-7.256,1
8.4011,-1.7581,1
7.2175,-3.231,1
3.4907,-7.8794,1
5.5391,-1.6168,1
1.4701,-10.249,1
3.5207,-5.2798,1
5.0436,-5.0395,1
7.1648,-5.5693,1
5.4072,-6.7235,1
3.9628,-5.0549,1
3.2034,-5.2071,1
1.9381,-10.254,1
5.1108,-7.6287,1
1.9846,-8.0707,1
6.1735,-6.2936,1
3.8534,-8.2544,1
6.9079,-3.1086,1
7.3822,-5.176,1
6.121,-5.808,1
5.5219,-7.0758,1
6.3915,-3.0694,1
6.9858,-4.2292,1
5.4013,-5.5198,1
3.3507,-4.4312,1
6.728,-2.2106,1
6.1773,-3.6061,1
8.4217,-4.701,1
6.2838,-4.4136,1
4.6772,-7.8353,1
4.2438,-5.9451,1
1.5524,-7.5518,1
3.933,-8.0321,1
5.6255,-5.8276,1
6.2691,-4.9041,1
7.8765,-6.2253,1
6.4012,-6.6549,1
6.7774,-4.488,1
5.8224,-7.1301,1
5.6095,-7.3755,1
7.6079,-5.1611,1
2.6185,-6.4283,1
2.932,-8.6946,1
2.9222,-6.3018,1
4.671,-5.4841,1
2.7946,-8.7904,1
9.4606,-2.491,1
6.492,-4.1062,1
5.6198,-6.4298,1
4.259,-4.567,1
4.6477,-7.1525,1
5.1323,-6.3109,1
6.1536,-4.8597,1
5.8077,-2.1047,1
6.0234,-4.4349,1
4.5093,-5.7766,1
4.1971,-7.6406,1
5.8994,-5.87,1
5.8837,-7.9232,1
4.0561,-6.0409,1
3.7873,-7.8086,1
5.9408,-6.5372,1
5.0903,-4.9458,1
4.2266,-9.3971,1
-0.28384,-8.7497,1
6.0434,-6.1579,1
5.9472,-5.2629,1
8.0173,-1.9035,1
7.6021,-4.302,1
6.0944,-4.348,1
4.2441,-5.2143,1
4.8352,-6.9511,1
5.3931,-2.7449,1
1.7002,-9.1881,1
4.7882,-0.6496,1
4.7877,-4.5859,1
5.4619,-3.9221,1
5.205,-6.211,1
7.3924,-4.6444,1
6.1911,-8.2512,1
5.4307,-5.2587,1
5.0241,-5.1195,1
6.9112,-5.4564,1
7.5658,-2.9246,1
3.8817,-4.3024,1
4.8665,-7.0653,1
4.1348,-5.4294,1
4.7681,-5.3645,1
4.0184,-7.5497,1
6.3313,-4.6927,1
3.9622,-7.1138,1
7.504,-3.9363,1
5.2711,-7.2342,1
4.0258,-6.3943,1
5.8001,-4.8112,1
6.5163,-3.2067,1
5.256,-9.2139,1
7.8247,-4.2685,1
5.8733,-4.5165,1
7.1225,-3.0607,1
5.9149,-4.6757,1
6.4479,-4.1392,1
1.8376,-10.313,1
7.5197,-2.6312,1
4.6416,-4.2113,1
2.4397,-6.9259,1
5.8672,-5.512,1
2.3028,-5.982,1
6.0748,-5.4182,1
6.4553,-4.6565,1
6.8559,-3.8375,1
8.0287,0.11789,1
6.6024,-3.2417,1
7.7011,-0.38888,1
3.1443,-4.9224,1
4.987,-3.0101,1
5.5202,-8.3346,1
2.7364,-8.2277,1
6.5993,-2.2436,1
5.8181,-6.5964,1
4.9615,-4.427,1
4.1358,-4.3818,1
5.0842,-8.7971,1
6.2897,-4.0485,1
6.7331,-4.8337,1
2.8834,-3.2134,1
6.297,-3.0547,1
6.8385,-5.9905,1
5.2817,-4.6043,1
4.3376,-2.2108,1
4.9547,-5.008,1
5.2509,-3.3206,1
6.8752,-5.7424,1
8.3107,-4.5348,1
6.7657,-3.0084,1
6.4368,-6.0428,1
3.5739,-5.2479,1
4.868,-6.0287,1
7.5784,-4.0276,1
4.9946,-4.0822,1
8.6475,-7.0356,1
6.293,-5.5656,1
6.3387,-3.8297,1
4.348,-2.5892,1
5.9332,-2.8498,1
8.2237,-2.3491,1
7.8365,-7.6049,1
6.2951,-7.2856,1
7.3975,-5.0117,1
7.1281,-5.2332,1
3.905,-4.7755,1
7.539,-4.7459,1
3.63,-3.7215,1
8.1723,-1.999,1
8.2391,-6.1342,1
5.1877,-2.8466,1
6.025,-1.6209,1
4.6351,-4.3707,1
7.871,-6.0624,1
6.4108,-5.291,1
5.8377,-2.594,1
3.8634,-5.3513,1
5.1324,-5.4152,1
4.8654,0.060924,1
5.541,-1.3137,1
4.8047,-3.9229,1
3.5767,-4.8256,1
4.8832,-2.0493,1
8.6716,-3.8128,1
7.4362,-6.1474,1
3.8307,-2.1929,1
5.3124,-4.6662,1
3.5786,-2.905,1
6.3328,-3.9995,1
6.5376,-4.0725,1
5.1801,-5.0586,1
6.404,-4.8057,1
8.2005,-3.2667,1
7.8334,-5.2501,1
4.3008,-8.4758,1
8.8265,-4.5443,1
3.9593,-4.2397,1
4.0886,-3.4542,1
4.4222,-6.2323,1
7.7946,-5.5828,1
7.5404,-0.81126,1
8.0455,-5.3384,1
8.1693,-2.505,1
6.8843,-1.8025,1
4.9646,-6.1358,1
4.5231,-3.8337,1
5.644,-2.6396,1
5.3707,-4.8598,1
6.24,-3.3344,1
7.6289,-3.1707,1
8.135,-2.2791,1
5.1673,-4.0048,1
7.3052,-5.1103,1
6.9489,-4.3841,1
6.0625,-2.2019,1
9.3387,-1.3428,1
5.1885,-5.6749,1
6.5836,-4.0045,1
6.0391,-6.8827,1
3.2482,-2.6115,1
5.8782,-5.5126,1
7.5382,-3.5069,1
5.3393,-4.5942,1
5.9808,-5.0532,1
5.4212,-5.6503,1
7.8652,-4.7769,1
5.7192,-2.8581,1
5.0979,-6.0934,1
6.5094,-3.8144,1
7.2133,-5.4122,1
7.269,-3.7867,1
6.9074,-4.6757,1
6.762,-4.5881,1
5.5778,-1.0031,1
6.6337,-2.8011,1
6.3149,-2.2354,1
6.924,-3.1557,1
4.8604,-5.3365,1
6.8098,-5.5002,1
3.2749,-3.5011,1
6.4345,-3.1001,1
3.8808,-5.5127,1
7.0952,-1.4177,1
4.9144,-4.5905,1
6.0734,-0.97838,1
4.4426,-4.2855,1
5.96,-1.1604,1
6.8871,-4.013,1
5.1964,-5.5827,1
7.7331,-3.9536,1
6.6513,-2.9205,1
6.4503,-4.2443,1
8.2308,-3.1388,1
6.6258,-5.1573,1
3.412,-2.0275,1
4.3919,-3.8025,1
3.755,-4.2087,1
3.8401,-4.2085,1
6.8242,-4.5565,1
7.3971,-4.714,1
6.8505,-2.0639,1
5.2539,-3.0738,1
3.5331,-7.4666,1
8.1149,-2.0226,1
8.049,-0.53492,1
3.4826,-3.7902,1
5.5963,-2.9698,1
5.3143,-5.6327,1
6.9156,-6.5155,1
5.7834,-5.2701,1
8.5873,-5.726,1
7.6468,-3.8465,1
7.2453,-5.8426,1
4.2022,-1.9725,1
6.8602,-2.3755,1
2.7652,-6.4806,1
6.489,-4.439,1
3.7687,-5.7167,1
6.2986,-5.0874,1
5.0304,-4.6618,1
4.8446,-1.5884,1
7.0985,-3.6176,1
7.8863,-1.1917,1
9.0884,-2.3743,1
3.6933,-2.0071,1
6.6371,-6.1872,1
6.5212,-1.7877,1
7.6423,-4.4453,1
5.38,-5.7933,1
4.6933,-1.9818,1
3.8879,-3.2381,1
4.6041,-3.7342,1
6.1492,-5.9216,1
6.9438,-3.8318,1
6.4775,-1.7847,1
5.4933,-4.351,1
5.0934,-2.7537,1
6.1166,-3.561,1
5.3668,-2.9927,1
4.6832,-2.7878,1
3.5294,-4.0086,1
9.8839,-4.0171,1
2.0978,-3.3639,1
4.2765,-3.6864,1
8.0663,-6.6938,1
8.1761,-2.6337,1
5.527,-3.366,1
9.0253,-6.2954,1
2.5297,-4.8818,1
6.1069,-3.2745,1
4.5142,-6.3446,1
5.242,-0.43659,1
4.4948,-6.4151,1
3.7142,-3.5366,1
5.3643,-2.9441,1
6.1104,-4.7153,1
8.069,-3.4351,1
5.6865,-5.4076,1
5.4107,-5.2179,1
5.4355,-3.1044,1
4.3608,-3.356,1
4.413,-4.4874,1
5.1396,-1.9937,1
5.4653,-4.0475,1
9.8958,-2.0249,1
7.1699,-1.6743,1
5.5495,-4.8888,1
5.5634,-4.6507,1
4.9838,-3.0481,1
6.3923,0.67195,1
4.3214,-5.0839,1
5.8909,-2.286,1
3.7117,-3.8904,1
8.5208,-3.9233,1
4.8639,-5.4733,1
6.1051,-3.2346,1
6.7728,-1.2299,1
6.6994,-2.7144,1
3.4686,-4.6968,1
4.0706,-4.6255,1
4.1253,-4.4478,1
4.3224,-4.5829,1
7.7083,-3.7365,1
3.9243,-4.9059,1
6.4174,-1.7301,1
6.3682,-5.6694,1
3.6014,-3.6262,1
4.2937,-4.6538,1
6.9264,-4.657,1
7.1323,-2.375,1
4.1479,-3.7,1
7.442,-8.2034,1
6.1033,-2.518,1
7.2088,-7.0004,1
5.0629,-2.9951,1
4.9325,-4.1916,1
5.4744,-4.1035,1
4.5322,-2.5218,1
8.2282,-3.8186,1
6.5145,-3.1644,1
7.9615,-2.102,1
8.6859,-3.3216,1
6.8116,-3.91,1
7.345,-3.1957,1
4.8631,-0.10199,1
5.8182,-0.22329,1
4.5556,-0.85412,1
3.1913,0.74285,1
3.1823,-1.9455,1
6.1883,-0.9714,1
4.2578,-0.71055,1
8.698,-0.71169,1
6.4083,-1.651,1
6.4839,-1.9556,1
6.4818,-2.8424,1
3.9457,0.0021705,1
1.8598,-0.19384,1
4.7196,-1.5824,1
7.5828,-2.3316,1
5.5383,0.40554,1
6.4943,-0.16099,1
5.964,-2.3087,1
5.8772,-1.5811,1
5.7653,-2.7672,1
9.3685,-2.2778,1
7.8541,-3.4765,1
5.3018,0.81682,1
7.9456,-3.2125,1
7.2973,-0.15376,1
4.5845,3.8934,1
4.593,-2.2815,1
6.7725,-1.4267,1
3.5579,-4.5159,1
5.0804,-1.225,1
4.0126,0.068113,1
4.1678,0.85985,1
6.5414,-3.2414,1
5.1741,-1.0153,1
3.9768,-1.0173,1
6.4338,-0.55973,1
3.6829,-3.0223,1
2.7049,-0.20675,1
5.899,-0.82021,1
1.8974,-1.0067,1
7.3422,0.53397,1
5.7865,-3.7127,1
7.0571,-0.78198,1
4.3489,-0.70659,1
6.6938,-0.27534,1
5.7633,3.6739,1
2.8608,-0.1741,1
4.1911,0.20869,1
7.5265,-4.5278,1
5.0122,0.19474,1
7.8066,-1.9153,1
5.7789,-3.43,1
4.7734,-1.9155,1
5.0876,-1.4021,1
1.849,-0.523,1
3.2417,1.4141,1
5.7135,-3.766,1
3.9755,-0.60304,1
2.4457,-1.0125,1
4.3166,1.6752,1
6.3123,-4.554,1
8.2661,-1.4817,1
3.5611,-3.1433,1
6.2943,-2.8937,1
4.5837,-2.7605,1
2.2341,1.0019,1
8.2556,-4.236,1
5.8646,-0.43636,1
2.4504,-0.99093,1
6.7626,1.2747,1
4.616,-0.44663,1
4.8729,-2.2617,1
5.8535,-1.7232,1
7.6283,-2.9459,1
7.0786,-1.3446,1
2.2658,0.80496,1
0.80176,-0.2723,1
6.6618,-3.5421,1
6.8715,-6.0069,1
3.3001,0.11833,1
2.1576,-1.1947,1
4.8904,-1.0429,1
3.809,-1.5057,1
1.3267,1.4092,1
4.0919,-1.83,1
4.037,-1.2566,1
7.372,-2.8851,1
4.8945,-2.5045,1
4.3537,-0.088679,1
6.509,-0.65758,1
4.4311,-1.956,1
7.0859,-2.4868,1
4.5781,-2.0458,1
0.12382,1.3861,1
4.0364,-1.8302,1
8.3408,-2.849,1
5.61,-2.9615,1
3.2804,-0.99688,1
1.6289,1.587,1
2.6313,-0.9095,1
4.3003,0.86907,1
6.1513,-3.0786,1
5.3431,-3.3075,1
7.2257,-4.153,1
3.9104,-1.1993,1
6.7415,0.20141,1
4.5516,-1.3336,1
6.7011,-4.9632,1
2.2431,0.70011,1
3.08,-1.5582,1
4.1845,0.16067,1
6.0664,2.9845,1
6.2393,-2.6306,1
2.4767,3.0383,1
7.2028,-5.1094,1
3.6032,-3.6292,1
4.3472,-1.9754,1
3.3642,-0.42055,1
3.7805,1.5107,1
6.0783,-1.2616,1
1.5969,-0.908,1
-0.61681,2.1202,1
2.8541,-0.27678,1
5.2759,-5.1917,1
3.3967,0.60765,1
5.6203,-1.6859,1
2.2404,-0.029044,1
8.7767,-5.7342,1
-0.68301,2.9022,1
3.9544,-6.0895,1
5.4649,-2.6785,1
3.189,-1.1775,1
2.9277,-3.8296,1
2.6861,-0.16417,1
1.3011,0.31346,1
1.3354,1.7013,1
1.6389,2.3648,1
5.4797,-0.32392,1
4.5079,-0.14694,1
3.627,0.36099,1
5.9494,-3.4536,1
4.6435,-2.4223,1
0.86109,0.13418,1
6.5344,-0.25081,1
5.9222,-3.0516,1
2.6534,0.052052,1
0.72843,0.81117,1
-1.3103,4.4172,1
2.3735,-1.9603,1
8.2375,-5.7568,1
-2.3551,-8.3301,2
-5.1985,-8.7442,2
-0.98036,-11.821,2
-3.6768,-10.79,2
-5.0104,-7.7378,2
-1.5564,-11.853,2
-3.1454,-10.561,2
-4.3299,-9.8819,2
-4.8773,-11.457,2
-5.2519,-8.7177,2
-3.5859,-8.4566,2
-2.9004,-7.5061,2
-5.9715,-9.5994,2
-3.8725,-10.739,2
-2.6692,-10.712,2
-0.93587,-11.299,2
-5.6986,-9.6071,2
-5.263,-5.9419,2
-4.2995,-9.4297,2
-3.1776,-11.877,2
-3.6002,-8.6032,2
-4.3661,-11.183,2
-2.7913,-11.702,2
-6.9163,-7.7718,2
-3.2374,-11.288,2
-2.5164,-9.5788,2
-6.5598,-6.201,2
-3.6765,-8.4075,2
-4.9005,-12.098,2
-4.0184,-10.238,2
-6.5818,-6.0485,2
-2.8718,-13.537,2
-2.8389,-9.5864,2
-6.1276,-8.0481,2
-0.70745,-11.171,2
-6.1527,-8.8515,2
-1.0407,-11.054,2
-2.0344,-12.873,2
-3.4779,-9.1308,2
-5.3997,-9.9739,2
-7.0096,-11.409,2
-7.0712,-9.1758,2
-4.9491,-12.745,2
-2.7246,-12.565,2
-6.4741,-10.735,2
-2.9981,-7.4479,2
-3.5041,-10.355,2
-5.3619,-9.7823,2
-6.4592,-9.9225,2
-4.0354,-8.1473,2
-5.7131,-8.8703,2
-3.5499,-13.768,2
-5.1166,-8.7242,2
-4.9424,-8.1638,2
-5.961,-10.683,2
-7.8055,-7.9821,2
-6.187,-9.2055,2
-3.2022,-8.3694,2
-2.9049,-9.206,2
-0.90483,-11.572,2
-3.685,-7.6388,2
-3.597,-7.1438,2
-2.0626,-10.035,2
-3.3371,-13.569,2
-6.645,-8.0909,2
-4.2106,-7.0242,2
-0.38703,-12.047,2
-3.144,-10.986,2
-2.7213,-8.7939,2
-3.3092,-9.3323,2
-3.3304,-12.376,2
-5.0964,-8.744,2
-5.4416,-5.983,2
-2.1856,-10.44,2
-1.7576,-13.485,2
-1.5059,-9.8512,2
-0.90491,-10.565,2
-5.6823,-9.4183,2
-2.5387,-13.075,2
-4.092,-6.7418,2
-3.0109,-10.814,2
-1.9079,-8.0493,2
-6.0811,-9.59,2
-2.513,-13.754,2
-2.5493,-13.269,2
-2.8134,-9.7315,2
-4.3895,-7.2671,2
-1.4179,-13.223,2
-3.3643,-9.7011,2
-4.2463,-10.202,2
-6.6983,-8.5169,2
-1.7132,-10.224,2
-1.0536,-14.201,2
-5.4192,-8.7962,2
-3.954,-11.101,2
-2.942,-10.136,2
-0.81889,-9.6581,2
-5.4054,-9.8232,2
-3.8233,-9.7933,2
-4.4799,-10.87,2
-5.187,-7.1099,2
-4.8208,-9.0402,2
-3.3421,-11.23,2
-2.8218,-10.591,2
-2.5544,-8.9454,2
-2.7362,-10.231,2
-4.5717,-13.896,2
-2.4021,-11.07,2
-0.20996,-13.527,2
-3.1607,-11.511,2
-4.929,-11.629,2
-5.2681,-8.2315,2
-4.6879,-9.0411,2
-5.6908,-7.0395,2
-2.4375,-11.299,2
-2.759,-11.455,2
-5.1679,-9.2875,2
-4.2489,-11.103,2
-2.9318,-11.026,2
-4.4828,-9.2507,2
-6.2281,-11.617,2
-5.1183,-10.891,2
-7.4067,-6.7718,2
-6.721,-7.2336,2
-6.3402,-6.5145,2
-2.3169,-10.832,2
-3.8589,-11.155,2
-2.2135,-12.244,2
-4.2921,-10.322,2
-4.1018,-9.873,2
-3.4105,-9.6956,2
-3.0649,-12.497,2
-2.1697,-12.587,2
-5.7435,-10.745,2
-6.3049,-10.863,2
-4.5871,-4.4206,2
-3.1547,-10.194,2
-2.8318,-10.718,2
-5.4536,-10.924,2
-4.5961,-10.48,2
-6.0313,-8.3289,2
-4.2413,-10.465,2
-2.4293,-12.725,2
-5.5641,-8.1259,2
-6.0366,-9.4038,2
-3.2628,-8.6384,2
-4.712,-7.5118,2
-1.3678,-13.451,2
-2.6287,-11.249,2
-5.5709,-8.0385,2
-4.1414,-9.9834,2
-3.4103,-13.019,2
-5.3429,-8.2669,2
-4.9934,-8.4994,2
-5.6118,-4.4855,2
-3.2611,-10.131,2
-4.0544,-8.9661,2
-4.0692,-10.947,2
-2.435,-11.55,2
-4.7526,-10.143,2
-3.9363,-8.9844,2
-3.9092,-12.526,2
-0.70344,-13.656,2
-5.115,-12.598,2
-7.901,-6.042,2
-0.059147,-14.972,2
-2.1147,-10.854,2
-3.1861,-10.951,2
-3.85,-8.9379,2
-4.2718,-9.3215,2
-4.0357,-9.3434,2
-2.8754,-10.835,2
-4.2561,-12.57,2
-3.8396,-8.9937,2
-3.351,-7.9811,2
-3.7482,-9.2719,2
-3.831,-10.451,2
-8.6781,-5.4138,2
-4.4282,-10.631,2
-3.4947,-11.44,2
-4.2299,-10.317,2
-3.6445,-11.25,2
-2.6942,-13.77,2
-4.1245,-9.85,2
-6.1659,-11.137,2
-5.5925,-9.9521,2
-4.0308,-11.041,2
-2.1333,-13.118,2
-4.9308,-11.322,2
-3.891,-10.586,2
-3.3409,-9.9332,2
-3.8753,-7.647,2
-4.856,-9.3112,2
-3.9845,-9.0417,2
-6.1031,-7.789,2
-5.018,-7.5595,2
-3.9247,-12.444,2
-1.5766,-9.6036,2
-3.8551,-9.3846,2
-0.37151,-10.592,2
-0.15641,-12.331,2
-5.0373,-7.5878,2
-4.2541,-11.628,2
-2.4671,-6.6826,2
-5.3091,-6.5009,2
-5.3143,-9.5272,2
-2.6356,-9.1653,2
-4.1308,-12.62,2
-3.7801,-10.546,2
0.48262,-9.5177,2
-6.2848,-10.317,2
-3.4197,-9.2159,2
-2.7563,-7.7485,2
-3.9996,-12.662,2
-1.7731,-10.926,2
-5.2344,-11.091,2
-5.2213,-8.4241,2
-2.2004,-12.982,2
-4.2236,-6.7475,2
-4.4438,-8.8153,2
-4.0312,-8.3111,2
-3.511,-13.253,2
-4.2363,-8.4254,2
-5.7115,-6.7311,2
-4.1386,-8.7795,2
-7.4592,-14.352,2
-1.0562,-5.5517,2
-5.3697,-6.3029,2
-7.2105,-9.9371,2
-6.3849,-7.6161,2
-6.5483,-13.103,2
-7.272,-13.671,2
-1.5082,-7.2414,2
-3.5453,-8.1594,2
-3.6287,-11.754,2
-5.2453,-9.2047,2
-4.4516,-9.9339,2
-6.4394,-9.2245,2
-4.8313,-10.984,2
-7.2736,-13.081,2
-6.5516,-11.353,2
-2.5607,-5.2937,2
-4.623,-12.024,2
-4.0059,-8.149,2
-5.2213,-9.1117,2
-5.5379,-10.089,2
-4.4772,-10.923,2
-5.8401,-13.574,2
-0.20669,-2.4651,2
-4.6254,-8.8752,2
-4.4627,-9.6384,2
-5.0932,-11.719,2
-7.6276,-13.469,2
-4.1374,-9.9152,2
-3.5558,-6.6971,2
-4.6393,-7.026,2
-2.7106,-6.9974,2
-5.181,-9.2998,2
-2.1679,-5.5483,2
-4.4616,-6.4775,2
-4.0706,-8.0992,2
-5.4414,-10.949,2
-5.8096,-10.729,2
-3.6126,-9.2306,2
-3.5066,-7.1179,2
-3.3516,-7.8402,2
-4.9092,-9.5676,2
-3.396,-6.4486,2
-2.2418,-6.6989,2
-3.3101,-6.6981,2
-6.244,-8.8294,2
-3.376,-9.1809,2
-8.4342,-13.894,2
0.34156,-2.4425,2
-0.45602,-2.5613,2
-2.8246,-5.6247,2
-4.887,-7.2795,2
-4.7046,-7.1753,2
-5.5221,-9.9428,2
-5.4331,-9.0601,2
-5.1128,-9.1728,2
-3.773,-8.2311,2
-3.3273,-5.9302,2
-4.742,-7.5746,2
-4.1433,-7.8809,2
-6.0185,-7.2055,2
-2.3668,-6.4416,2
-5.288,-9.4101,2
-3.4478,-6.7609,2
-4.5732,-9.8927,2
-7.0491,-11.268,2
-4.2656,-10.269,2
-2.3674,-4.3711,2
-5.2796,-9.9539,2
-2.3968,-3.8202,2
-4.4844,-8.8249,2
-2.7805,-6.8068,2
0.34094,-5.9452,2
-5.598,-7.3829,2
-3.3012,-7.8004,2
-4.3794,-5.1576,2
-3.6714,-6.2716,2
-8.156,-14.362,2
-0.32495,-6.0286,2
-2.4278,-7.4594,2
-4.5885,-9.937,2
-5.0189,-8.5863,2
-3.5147,-6.2552,2
-2.657,-10.709,2
-3.9197,-8.321,2
-5.8394,-10.941,2
-2.5528,-8.3249,2
-5.3009,-11.833,2
-6.8849,-9.7333,2
-3.9552,-10.689,2
-2.7638,-6.6889,2
-6.2133,-9.0771,2
-4.0908,-8.0517,2
-4.8545,-12.488,2
-2.3646,-8.7271,2
-2.8587,-3.3202,2
-3.4494,-6.8167,2
-5.9416,-12.09,2
-1.2819,-3.7937,2
-3.0703,-9.2922,2
-1.9447,-7.3604,2
-3.9898,-10.342,2
-1.6872,-4.845,2
-4.7404,-8.3361,2
-2.5057,-5.8143,2
-5.9268,-9.5453,2
-4.8681,-7.536,2
-7.2873,-11.868,2
-0.81117,-7.7009,2
-2.6354,-5.5182,2
-4.1451,-10.051,2
-1.1794,-6.1541,2
-5.0639,-7.5045,2
-3.484,-9.7024,2
0.15192,-2.2426,2
-4.9984,-10.21,2
-2.2146,-4.1824,2
-3.1109,-7.1444,2
-4.6751,-9.01,2
-3.6622,-9.2549,2
-5.8171,-8.3892,2
-3.248,-6.9267,2
-6.8448,-9.7741,2
-0.061528,-5.0522,2
-0.78941,-6.7585,2
-4.5958,-8.3898,2
0.20044,-5.5742,2
-5.9767,-7.7031,2
-5.4125,-8.9862,2
-3.518,-4.1869,2
-6.9714,-10.844,2
-4.5188,-7.2166,2
-3.7092,-7.0574,2
-3.2169,-7.1714,2
-3.6293,-9.0966,2
-3.5419,-8.615,2
-2.8079,-6.8345,2
-2.4213,-4.7624,2
-5.6177,-6.7696,2
-4.2313,-5.7747,2
-4.0461,-10.022,2
-7.5784,-10.838,2
-2.9792,-8.1867,2
-5.3228,-8.411,2
-3.3271,-3.4368,2
-3.5388,-8.2309,2
-4.3238,-6.7853,2
-1.9169,-8.7165,2
-4.6467,-11.652,2
-3.6589,-6.208,2
-3.729,-6.3503,2
-3.7515,-10.538,2
-1.151,-4.3984,2
-6.0224,-9.4769,2
-6.019,-10.11,2
-1.9209,-6.9697,2
-6.0313,-7.9401,2
-3.8364,-12.886,2
-4.9467,-10.548,2
-5.1231,-10.366,2
-2.675,-11.237,2
-5.1481,-8.2019,2
-1.3511,-6.0225,2
-6.5485,-11.46,2
-2.9225,-7.7273,2
-8.7132,-10.525,2
-4.673,-8.1417,2
-1.6014,-4.9436,2
-4.1065,-9.1461,2
-8.0298,-7.864,2
-3.8405,-8.4392,2
-1.6407,-5.5687,2
-4.5315,-7.2112,2
-5.6338,-11.484,2
-4.2064,-5.8638,2
-5.0225,-8.9891,2
-4.4956,-6.941,2
-4.4437,-10.087,2
-2.0289,-5.4264,2
-1.5145,-4.9647,2
-3.4791,-1.0168,2
-4.3782,-8.0242,2
-3.8529,-5.3916,2
-3.9229,-8.3624,2
-3.9414,-7.0126,2
-5.3223,-5.1793,2
-5.7261,-9.2493,2
-3.5712,-9.2952,2
-3.3085,-7.4067,2
-4.5757,-5.8226,2
-1.7846,-6.2026,2
-3.5585,-10.526,2
-4.3524,-6.5354,2
-5.3784,-9.8294,2
-6.5257,-13.214,2
-3.2805,-6.2513,2
-4.4714,-4.7169,2
-3.4746,-6.5172,2
-4.4217,-11.521,2
-6.062,-11.299,2
-4.2818,-6.5889,2
-2.1648,-6.6964,2
-7.4116,-9.7225,2
-5.9749,-8.6977,2
-3.4065,-8.8828,2
-2.8904,-7.0857,2
-3.7394,-9.1936,2
-4.2704,-9.8504,2
-1.8783,-7.1507,2
-1.4731,-1.2915,2
-2.6431,-5.6374,2
-3.6818,-6.8751,2
-3.1745,-4.6022,2
-1.9229,-7.8449,2
-4.7469,-5.8928,2
-3.3859,-10.972,2
-4.6332,-9.5183,2
-2.9127,-9.1875,2
-2.3229,-5.9873,2
-5.6149,-9.3832,2
-3.52,-5.2882,2
-2.6764,-7.9933,2
-0.52732,-7.0075,2
-1.5374,-6.6664,2
-5.81,-7.5823,2
-9.6875,-7.2576,3
-8.3795,-7.5947,3
-9.8745,-7.0972,3
-11.369,-6.8657,3
-10.217,-6.0672,3
-11.239,-9.0293,3
-8.8835,-5.9783,3
-10.982,-5.0667,3
-11.539,-6.1359,3
-8.9642,-5.494,3
-9.9923,-3.0385,3
-9.0767,-6.954,3
-9.4471,-5.9503,3
-9.2425,-8.9298,3
-12.251,-7.8096,3
-10.139,-6.4611,3
-8.0738,-6.7142,3
-10.527,-8.2805,3
-9.4657,-9.3839,3
-11.243,-9.5173,3
-10.385,-4.4901,3
-9.3747,-5.5132,3
-10.476,-4.6416,3
-10.243,-5.9284,3
-9.5433,-6.55,3
-9.3938,-6.8306,3
-9.2872,-7.8431,3
-11.123,-2.2,3
-7.9584,-6.1989,3
-10.229,-8.1419,3
-9.194,-7.8825,3
-9.3509,-5.7713,3
-8.1308,-4.7572,3
-11.511,-4.8179,3
-10.396,-5.9944,3
-11.868,-4.0406,3
-10.375,-9.5904,3
-10.689,-4.2271,3
-10.663,-7.5274,3
-10.392,-8.6085,3
-9.7638,-5.5796,3
-9.6376,-3.3673,3
-10.768,-7.5558,3
-10.313,-6.6925,3
-9.525,-5.8222,3
-9.2092,-10.242,3
-8.8239,-8.9446,3
-9.8673,-3.7449,3
-10.956,-3.3976,3
-9.8853,-7.1695,3
-9.6418,-8.4674,3
-9.2502,-5.563,3
-9.8095,-8.0884,3
-9.414,-6.495,3
-11.315,-6.8359,3
-9.0676,-5.7268,3
-10.777,-7.4618,3
-8.937,-7.5437,3
-10.56,-9.8057,3
-9.4495,-5.2656,3
-9.2955,-8.7852,3
-11.881,-7.175,3
-9.5927,-3.1671,3
-9.7413,-8.0347,3
-11.079,-3.2003,3
-9.6421,-3.9434,3
-9.5995,-8.2913,3
-10.026,-4.3685,3
-10.644,-8.2002,3
-10.121,-5.3,3
-8.7862,-3.6741,3
-10.903,-2.4913,3
-9.4579,-6.4837,3
-8.4686,-9.9973,3
-10.338,-6.5042,3
-10.853,-3.4343,3
-8.3744,-5.9228,3
-11.125,-8.3005,3
-8.8249,-5.9935,3
-9.4605,-6.2133,3
-12.544,-4.9336,3
-10.125,-8.096,3
-10.643,-4.0184,3
-9.949,-8.3096,3
-10.429,-5.1226,3
-9.1077,-9.4774,3
-11.104,-4.2575,3
-10.065,-3.7495,3
-10.29,-4.2975,3
-7.7353,-7.3503,3
-9.6965,-10.767,3
-9.8438,-8.0174,3
-9.0053,-6.422,3
-10.171,-7.4181,3
-9.4078,-8.7132,3
-9.5238,-5.7102,3
-10.026,-4.6504,3
-10.598,-5.2975,3
-9.1345,-7.8426,3
-8.8657,-7.1748,3
-11.268,-4.8074,3
-9.1161,-5.9411,3
-11.494,-4.4042,3
-9.4439,-4.6371,3
-7.7982,-11.634,3
-11.373,-8.123,3
-9.4996,-6.8125,3
-10.084,-4.6463,3
-7.9777,-10.268,3
-10.011,-5.1507,3
-10.238,-7.1843,3
-10.944,-4.46,3
-8.4558,-3.5685,3
-8.7459,-8.224,3
-9.0074,-8.4047,3
-7.2126,-7.4811,3
-9.3856,-6.8248,3
-11.538,-8.4676,3
-10.52,-4.3225,3
-8.9191,-7.0911,3
-9.268,-5.6183,3
-11.873,-7.6144,3
-8.9951,-6.6688,3
-10.671,-9.5742,3
-10.324,-4.666,3
-9.7148,-3.924,3
-8.4034,-8.848,3
-10.654,-6.456,3
-9.8334,-9.1932,3
-10.473,-9.4843,3
-11.505,-6.2809,3
-9.7165,-8.3494,3
-10.076,-1.9397,3
-8.3577,-4.5259,3
-10.513,-4.935,3
-8.9153,-7.6546,3
-10.881,-3.9955,3
-10.349,-7.2863,3
-10.175,-3.3294,3
-10.303,-6.1513,3
-10.156,-9.9337,3
-9.6323,-6.6866,3
-10.952,-3.2166,3
-8.8627,-7.9295,3
-9.4257,-4.3979,3
-10.442,-7.6177,3
-8.4732,-6.5644,3
-9.6021,-8.5784,3
-10.053,-8.2906,3
-11.329,-6.2911,3
-8.53,-9.8914,3
-11.448,-7.939,3
-8.7112,-8.2543,3
-9.1353,-8.8285,3
-8.764,-4.8134,3
-12.276,-8.7436,3
-9.567,-6.0675,3
-9.889,-6.9942,3
-8.3798,-5.9916,3
-8.8869,-7.4553,3
-10.167,-4.5434,3
-10.033,-7.5631,3
-11.339,-5.8858,3
-10.214,-8.9443,3
-10.66,-5.9323,3
-9.2047,-5.5896,3
-7.4865,-7.4676,3
-11.612,-4.0744,3
-10.233,-5.3531,3
-9.2821,-10.36,3
-9.5111,-7.5958,3
-11.193,-7.0931,3
-9.905,-5.3798,3
-9.1048,-9.5089,3
-8.8448,-6.5278,3
-10.502,-5.1556,3
-9.2931,-8.4641,3
-10.163,-9.5793,3
-10.061,-6.7048,3
-9.1769,-4.7539,3
-10.688,-5.3856,3
-7.5596,-5.3014,3
-10.274,-4.9129,3
-9.1735,-5.8222,3
-9.838,-7.2646,3
-8.4887,-6.7611,3
-9.9858,-6.2023,3
-8.7637,-9.122,3
-9.4298,-6.2651,3
-10.214,-8.4013,3
-9.6208,-3.7495,3
-9.3375,-6.7901,3
-8.1696,-6.1144,3
-8.777,-5.2007,3
-9.4653,-2.4811,3
-10.659,-9.8404,3
-10.604,-5.4569,3
-8.6744,-5.4351,3
-10.435,-6.5488,3
-10.026,-5.6933,3
-9.2508,-5.1649,3
-10.327,-3.3982,3
-10.192,-6.6708,3
-12.515,-3.9309,3
-8.1089,-9.5387,3
-9.959,-8.833,3
-10.346,-8.262,3
-11.469,-6.7261,3
-8.4977,-10.249,3
-11.018,-7.9525,3
-10.198,-9.1899,3
-10.883,-9.7257,3
-10.706,-6.8164,3
-10.046,-8.4678,3
-10.381,-7.8906,3
-9.3663,-7.7017,3
-10.083,-7.5577,3
-10.279,-5.085,3
-10.709,-3.9467,3
-9.458,-7.8835,3
-10.702,-6.6288,3
-11.725,-5.5955,3
-9.5827,-6.202,3
-10.804,-4.9856,3
-10.762,-9.4207,3
-12.639,-5.5253,3
-9.5884,-7.2595,3
-8.1381,-7.3941,3
-8.6032,-6.7167,3
-9.1775,-4.536,3
-10.236,-7.4455,3
-10.083,-8.1899,3
-12.891,-9.7661,3
-10.032,-5.689,3
-9.2945,-5.649,3
-9.8526,-2.1442,3
-10.27,-3.3392,3
-11.841,-4.5384,3
-9.5849,-4.8196,3
-10.501,-7.9237,3
-9.3546,-4.5193,3
-9.4377,-6.058,3
-9.7771,-6.685,3
-9.1839,-7.9476,3
-8.5265,-6.6051,3
-9.7005,-9.3049,3
-11.069,-6.8171,3
-8.652,-2.498,3
-9.8868,-6.9865,3
-8.0595,-7.1971,3
-10.651,-7.0626,3
-11.164,-8.1112,3
-10.078,-6.3897,3
-10.848,-6.8196,3
-10.289,-4.5483,3
-9.8348,-6.1723,3
-9.4882,-10.8,3
-9.6163,-8.2498,3
-10.172,-6.8632,3
-9.8747,-8.2658,3
-9.1308,-5.8379,3
-9.9292,-6.9192,3
-9.3686,-7.8521,3
-9.9898,-5.0044,3
-10.813,-7.4001,3
-8.954,-8.8179,3
-10.473,-5.5914,3
-12.011,-3.7696,3
-9.45,-3.2824,3
-9.8425,-8.1858,3
-10.648,-6.5637,3
-9.8254,-4.3489,3
-10.12,-6.4328,3
-10.787,-6.1522,3
-11.092,-3.9097,3
-10.266,-8.0266,3
-10.923,-4.193,3
-9.5649,-5.4268,3
-9.5909,-4.8083,3
-9.5759,-5.4076,3
-9.261,-8.3486,3
-11.178,-7.4584,3
-8.6082,-10.405,3
-11.383,-4.7665,3
-10.09,-6.2619,3
-8.74,-6.1298,3
-9.9752,-7.911,3
-10.146,-6.7514,3
-10.232,-6.7617,3
-9.0988,-7.1763,3
-9.5246,-10.697,3
-11.193,-7.5988,3
-11.176,-6.6023,3
-7.6095,-9.1805,3
-9.4706,-8.0388,3
-10.615,-5.518,3
-9.4404,-8.1589,3
-9.5779,-7.3279,3
-8.2148,-8.0475,3
-10.643,-4.7122,3
-10.44,-6.3347,3
-10.961,-4.4463,3
-13.678,-5.2258,3
-13.573,-6.0787,3
-10.012,-9.1372,3
-9.8197,-6.9624,3
-11.377,-5.2133,3
-10.134,-4.9566,3
-10.182,-6.3597,3
-9.54,-7.4393,3
-11.976,-3.945,3
-11.331,-4.2359,3
-10.614,-5.5024,3
-12.754,-6.7145,3
-10.733,-3.6592,3
-11.149,-1.7753,3
-12.399,-5.2219,3
-10.303,-4.9764,3
-12.677,-8.7645,3
-11.969,-5.4377,3
-10.911,-4.4915,3
-11.41,-6.6677,3
-11.228,-5.3384,3
-9.6615,-5.7876,3
-10.664,-4.8298,3
-10.727,-7.0426,3
-11.02,-6.9506,3
-11.92,-5.418,3
-10.004,-7.0561,3
-11.048,-3.8698,3
-8.7782,-7.3553,3
-11.099,-9.7834,3
-11.442,-9.0665,3
-10.559,-7.0511,3
-9.1749,-5.966,3
-13.05,-5.5098,3
-13.84,-7.3985,3
-10.42,-6.3699,3
-10.123,-6.1931,3
-10.169,-4.5678,3
-11.1,-6.2044,3
-10.296,-1.963,3
-11.104,-7.7219,3
-9.633,-2.9675,3
-11.328,-3.5951,3
-11.777,-3.3041,3
-13.209,-5.0112,3
-10.85,-8.3461,3
-10.23,-6.5457,3
-11.282,-6.2044,3
-10.678,-3.2255,3
-10.1,-7.6641,3
-12.456,-7.7085,3
-11.06,-8.8484,3
-9.3744,-6.0075,3
-10.314,-5.5355,3
-12.776,-4.8614,3
-10.69,-3.9182,3
-11.579,-6.5253,3
-10.852,-6.4154,3
-6.4832,-3.7043,3
-8.9265,-3.251,3
-8.7023,-3.4362,3
-6.8104,-2.2684,3
-10.311,-5.4764,3
-10.216,-3.8257,3
-9.2417,-4.7374,3
-11.962,-4.196,3
-11.234,-6.6464,3
-9.3805,-7.0064,3
-11.424,-5.5816,3
-12.33,-5.1842,3
-10.031,-4.1719,3
-8.8056,-3.0963,3
-3.8862,-0.59386,3
-11.359,-4.9846,3
-10.19,-3.3519,3
-8.2509,-2.3835,3
-10.941,-3.5913,3
-5.4841,-3.9499,3
-8.692,-2.579,3
-10.152,-8.0744,3
-11.843,-4.594,3
-8.5357,-1.0004,3
-10.375,-5.0202,3
-6.328,-3.7198,3
-7.9752,-2.2795,3
-4.3412,1.9279,3
-9.063,-2.9174,3
-9.2939,-1.7323,3
-5.3043,-0.80453,3
-9.5862,-2.6529,3
-7.3577,-1.0116,3
-11.844,-4.5372,3
-10.155,-3.1896,3
-10.737,-2.7153,3
-7.6413,-2.3196,3
-10.34,-5.1602,3
-8.896,-3.8007,3
-9.9158,-5.6673,3
-6.8485,-1.7717,3
-8.3499,-2.718,3
-8.5481,-2.3635,3
-10.925,-5.3173,3
-5.1593,-1.7674,3
-10.327,-3.7851,3
-6.7353,-2.6996,3
-10.406,-4.9791,3
-9.5454,-4.6766,3
-9.8647,-5.4227,3
-9.214,-7.064,3
-12.017,-4.3411,3
-9.6424,-5.1324,3
-8.2155,-5.6258,3
-7.4727,-2.5562,3
-8.877,-2.0496,3
-6.2905,-1.9835,3
-10.307,-1.93,3
-9.9074,-4.1247,3
-6.5559,-2.2587,3
-8.7275,-4.081,3
-7.8758,-4.9603,3
-6.5819,-1.9657,3
-10.773,-5.7128,3
-11.213,-6.4048,3
-4.9323,-0.74275,3
-11.006,-6.0475,3
-11.079,-2.8641,3
-12.498,-5.3959,3
-11.603,-6.1327,3
-6.136,0.11366,3
-9.851,-3.4946,3
-4.7146,0.38746,3
-4.4415,-2.238,3
-10.281,-5.0156,3
-8.1339,-4.6622,3
-7.7729,-2.9862,3
-11.783,-5.3407,3
-8.3828,-3.8196,3
-7.8629,-1.3765,3
-8.761,-2.1548,3
-11.823,-6.6963,3
-10.078,-4.8346,3
-7.3357,-2.605,3
-8.4398,-5.319,3
-8.3391,-0.66432,3
-8.8143,-3.4861,3
-4.4384,1.4487,3
-12.629,-5.9244,3
-8.1649,-4.9758,3
-6.5926,0.79986,3
-10.029,-6.5678,3
-8.2799,-5.9214,3
-3.0428,-0.28971,3
-8.4208,-2.267,3
-8.7709,-5.279,3
-9.3109,-4.6193,3
-7.4576,-3.4111,3
-8.8125,-3.926,3
-13.458,-4.0917,3
-6.5325,-2.9244,3
-6.6347,-0.22327,3
-7.7538,-1.152,3
-10.218,-4.6812,3
-10.022,-2.8525,3
-10.407,-2.7777,3
-3.0014,-0.98469,3
-9.3901,-3.2099,3
-14.563,-7.964,3
-11.444,-6.1249,3
-7.8492,-3.3841,3
-9.699,-4.7934,3
-9.4829,-2.6771,3
-9.4775,-4.4179,3
-7.7928,-2.5073,3
-10.848,-5.306,3
-6.0356,-1.6143,3
-11.786,-6.2084,3
-9.7125,-4.4014,3
-7.8036,-1.5333,3
-9.7807,0.081873,3
-7.7925,-1.6841,3
-6.9318,-3.942,3
-7.0865,-1.9517,3
-10.179,-2.7028,3
-10.661,-3.0077,3
-12.111,-6.1431,3
-6.049,-2.1988,3
-7.726,-4.6901,3
-12.209,-4.3848,3
-8.9489,-4.9733,3
-11.009,-3.8836,3
-7.5051,0.74432,3
-8.0584,-2.7514,3
-9.5847,-4.5767,3
-7.6993,-1.8723,3
-10.747,-2.3116,3
-13.656,-4.8989,3
-6.707,0.43135,3
-9.5724,-3.2435,3
-7.7088,-3.293,3
-9.8623,-5.2113,3
-3.2738,0.61662,3
-9.0592,-3.8263,3
-7.4672,-1.9619,3
-10.597,-4.4264,3
-13.564,-6.3882,3
-6.5631,-4.8462,3
-12.734,-5.1755,3
-10.341,-3.8952,3
-4.6993,-2.4307,3
-10.016,-4.3759,3
-9.4427,-3.3418,3
-10.326,-2.0495,3
-7.5644,-1.6304,3
-8.1362,-2.588,3
-3.5944,-0.51447,3
-6.5639,-5.2339,3
-11.516,-7.6152,3
-8.7276,-2.6476,3
-7.227,-2.1493,3
-9.1519,-3.0803,3
-7.4126,-2.4586,3
-11.021,-6.2133,3
-11.249,-4.9127,3
-4.954,-1.6069,3
-9.8076,-4.2245,3
-12.738,-5.9185,3
-8.1278,-1.7251,3
-7.617,-3.4567,3
-10.596,-6.1339,3
-9.8571,0.24678,3
-8.2262,-3.2999,3
-6.7202,-1.7493,3
-8.665,-5.7704,3
-6.2185,-1.7756,3
-10.392,-5.1397,3
-9.96,-7.1935,3
-4.8728,-0.032151,3
-7.4196,-1.5057,3
-6.5526,0.035818,3
-5.0673,-0.61808,3
-10.971,-6.3077,3
-6.4154,-2.5561,3
-5.1959,-1.0076,3
-9.6862,-4.5606,3
-5.8213,-1.4706,3
-5.5014,-0.75412,3
-10.016,-6.2896,3
-10.826,-5.4864,3
-12.789,-7.245,3
-6.7363,-0.83386,3
-12.342,-5.1823,3
-10.055,-4.8818,3
-9.6734,-0.36155,3
-12.599,-6.5472,3
-9.9808,-3.1599,3
-4.7962,-0.14564,3
-8.3294,-4.6438,3
-12.476,-3.4931,3
-7.6148,-2.8854,3
-5.693,-4.1725,3
-5.8109,-0.89059,3
-5.3993,0.70338,3
-9.0391,-4.1531,3
-8.975,-2.7132,3
-8.7556,-4.3094,3
-10.163,-2.4318,3
-7.9021,-2.7868,3
-9.5451,-3.6151,3
-10.213,-3.2487,3
-13.963,-6.6763,3
-12.092,-7.455,3
-5.3912,-2.3037,3
-9.5503,-3.6433,3
-7.7676,-3.0939,3
-5.8978,-2.1519,3
-7.9694,-2.5775,3
-6.8109,0.57249,3
-12.147,-3.051,3
-9.7412,-1.3773,3
-6.5912,-2.8076,3
-7.3306,-2.005,3
-11.268,-6.8175,3
-11.125,-3.5816,3
-6.3439,-2.0053,3
-8.6064,-1.5133,3
-11.482,-6.0814,3
-6.9705,-0.4219,3
-11.788,-5.8438,3
-10.651,-5.5327,3
-4.811,-1.2903,3
-9.2011,-4.0028,3
-8.8817,-3.2591,3
-12.605,-7.25,3
-8.0067,-2.7098,3
-11.674,-4.7754,3
-9.5553,-1.4401,3
-8.9762,-1.4025,3
-10.329,-3.226,3
-2.695,3.1492,4
-6.9013,0.30404,4
-4.9329,0.90127,4
-6.6825,0.53275,4
-6.9026,1.8615,4
-3.191,2.9278,4
-8.0377,-0.99041,4
-5.361,2.6331,4
-6.5385,1.0122,4
-3.2128,1.4244,4
-2.5701,3.8856,4
-3.3219,2.0459,4
-6.3822,1.6276,4
-4.4734,3.1281,4
-2.4001,2.3287,4
-4.4356,1.6604,4
-4.6191,1.0383,4
-9.7523,0.76882,4
-5.1215,2.54,4
-5.1187,3.3913,4
-4.3555,2.614,4
-5.1085,-0.22728,4
-3.211,2.6541,4
-4.0243,3.4921,4
-4.7356,2.7066,4
-6.278,1.3933,4
-2.6586,2.8351,4
-5.6965,1.4236,4
-4.3903,2.5088,4
-3.4191,1.3598,4
-1.1471,2.545,4
-5.3243,0.48057,4
-7.3614,0.90283,4
-2.8059,1.6987,4
-3.2811,2.5303,4
-7.1393,0.83391,4
-5.9719,2.5474,4
-4.5135,4.3301,4
-2.9581,3.1587,4
-3.3086,2.1839,4
-3.752,2.1028,4
-5.3147,1.5301,4
-5.2776,0.46067,4
-7.9505,1.2479,4
-5.2006,0.99526,4
-2.3844,0.98757,4
-4.0534,4.1102,4
-2.691,2.2494,4
-5.85,0.94643,4
-7.0773,2.7013,4
-4.3639,1.4404,4
-5.4212,1.262,4
-5.4001,0.80232,4
-7.9335,1.0429,4
-5.2767,1.7949,4
-5.3718,2.5145,4
-3.0907,2.6674,4
-2.1967,1.5745,4
-2.1106,2.3263,4
-6.2528,1.1521,4
-6.2027,1.2822,4
-5.3664,1.1792,4
-3.2687,3.1026,4
-4.3728,0.54153,4
-3.6208,3.9948,4
-6.7151,0.18974,4
-4.967,0.67487,4
-4.4623,0.81045,4
-6.4179,0.33598,4
-5.9556,0.70824,4
-1.2545,3.73,4
-6.9932,0.57297,4
-0.25986,3.1183,4
-5.32,2.1578,4
-6.6559,0.80414,4
-6.7816,-0.15957,4
-5.1486,2.1573,4
-3.9872,1.5908,4
-3.4906,0.96498,4
-5.0838,1.9636,4
-4.5842,2.9961,4
-0.24144,1.733,4
-6.5428,1.0117,4
-6.9656,1.481,4
-1.7346,2.6995,4
-5.6819,2.2382,4
-8.3045,1.4399,4
-3.7382,1.5819,4
-8.8159,-0.21948,4
-5.9784,2.5229,4
-8.0005,1.6333,4
-4.1209,3.0325,4
-5.3573,3.1225,4
-6.6668,0.52966,4
-6.8973,3.9317,4
-3.5158,2.5427,4
-5.4311,2.6962,4
-4.2485,0.42564,4
-6.2022,1.4392,4
-1.7898,0.34828,4
-1.9972,2.4898,4
-6.6471,1.0938,4
-4.4888,1.514,4
-5.6473,0.80888,4
-6.8812,1.2029,4
-4.1662,1.311,4
-3.6656,0.80121,4
-4.9108,2.5575,4
-1.2667,3.6133,4
-6.5173,-0.2695,4
-2.9976,3.0079,4
-5.9242,2.1228,4
-5.3347,1.666,4
-4.803,0.77642,4
-1.7872,2.3083,4
-8.2412,-0.38334,4
-5.7808,2.0668,4
-8.1041,2.3863,4
-6.2879,2.025,4
-5.1131,3.9426,4
-5.7587,3.6629,4
-4.2903,-0.2408,4
-6.3841,1.023,4
-6.0729,1.4863,4
-4.6582,0.16854,4
-8.9215,-0.67977,4
-4.378,1.7669,4
-5.7256,1.9276,4
-0.49715,3.7361,4
-5.0535,1.6907,4
-3.5196,0.9239,4
-3.098,2.4826,4
-4.1695,1.3657,4
-6.8126,-0.31223,4
-4.8929,4.2877,4
-5.8703,2.9548,4
-6.4524,1.8611,4
-7.6022,0.79524,4
-5.371,1.3002,4
-2.8605,3.2714,4
-5.7521,1.5171,4
-7.0132,1.7647,4
-6.3002,2.0771,4
-1.3478,2.4983,4
-6.4321,1.129,4
-0.1201,3.3728,4
-3.9018,4.0403,4
-4.3751,2.3694,4
-4.4493,0.6692,4
-5.4162,2.9824,4
-4.981,0.034903,4
-6.8315,2.007,4
-6.5134,-0.40991,4
-3.037,2.693,4
-4.2604,2.2172,4
-7.4053,1.3722,4
-5.1286,2.6875,4
-2.8601,2.649,4
-4.8284,1.2243,4
-5.8166,1.7416,4
-5.0224,3.6586,4
-4.6671,0.37726,4
-2.4867,1.8065,4
-7.7205,2.4589,4
-4.7366,1.8407,4
-5.4886,1.6063,4
-5.1254,3.0087,4
-4.2788,3.1939,4
-3.7276,1.4201,4
-7.9316,1.1588,4
-4.4433,2.6447,4
-3.6935,2.4817,4
-1.5315,2.9774,4
-6.7399,2.4588,4
-6.4754,2.1111,4
-7.5836,3.5513,4
-4.8088,3.8653,4
-6.677,0.53434,4
-3.6633,3.3885,4
-2.7583,4.1839,4
-4.7403,-0.85389,4
-3.5639,-1.8506,4
-2.3754,1.6443,4
-2.7234,1.419,4
-4.5236,-1.1253,4
-4.8037,-1.3994,4
-1.9309,-4.1688,4
-3.8107,-2.3988,4
-5.0937,-6.6464,4
-3.9471,0.69378,4
-3.9336,0.73593,4
-3.2432,3.35,4
-3.5906,-4.8929,4
-3.6074,-3.3283,4
-2.7568,1.322,4
-2.3495,-1.582,4
-3.5356,-0.77836,4
-2.6569,-1.6261,4
-4.1973,-2.4199,4
-3.1105,-0.30807,4
-1.1748,2.8239,4
-2.638,0.77613,4
-2.5743,-2.8755,4
-3.9785,-0.79304,4
-3.4589,0.46199,4
-3.3953,3.6252,4
-3.6221,-3.5029,4
-3.5283,-1.9428,4
-2.0725,-1.2073,4
-3.1615,-1.5391,4
-2.2257,-0.8874,4
-3.4913,4.2943,4
-5.9533,-4.6018,4
-1.581,0.1446,4
-3.5605,0.9165,4
-3.5201,3.2844,4
-4.0916,-2.9527,4
-1.515,1.2686,4
-2.3687,-0.3193,4
-3.7424,-4.2288,4
-3.7823,-0.19826,4
-1.4496,-0.3961,4
-5.1502,-3.3589,4
-2.8778,-2.0057,4
-1.9539,0.85287,4
-3.4507,0.77386,4
-4.2498,-3.1592,4
-2.2382,0.26487,4
-4.1234,-2.7612,4
-3.0814,0.74736,4
-2.9114,-4.3062,4
-3.6994,-0.91301,4
-2.5507,-3.0018,4
-5.96,-3.7749,4
-1.8921,1.24,4
-2.5333,-2.6609,4
-2.8427,-0.50525,4
-4.206,-4.6614,4
-2.8135,-1.3184,4
-2.7983,-0.36696,4
-1.4008,0.5214,4
-4.7812,-4.7279,4
-2.4877,0.34216,4
-2.8324,0.50524,4
-3.8361,-0.91567,4
-2.6542,-3.1348,4
-1.694,-3.8611,4
-1.4173,-1.379,4
-2.5348,0.33565,4
-2.6734,-3.8104,4
-3.1207,-2.6209,4
-3.615,-3.3607,4
-4.4396,-4.4031,4
-4.6847,-1.445,4
-3.1721,-0.007486,4
-3.206,-3.0498,4
-2.0925,1.9921,4
-1.8086,0.92541,4
-2.7972,-0.72017,4
-2.6515,-1.7107,4
-2.7456,-0.84012,4
-4.7562,5.3587e-06,4
-2.3641,-0.093186,4
-2.7095,0.17263,4
-2.6578,0.27138,4
-2.2251,0.041715,4
-5.841,-5.7706,4
-3.0894,-0.81386,4
-3.6671,1.2194,4
-4.0157,-3.2939,4
-4.9393,1.3548,4
-2.6316,0.30429,4
-3.1008,-1.1189,4
-1.833,-0.45795,4
-3.766,-1.8719,4
-3.0007,3.2179,4
-4.846,-3.403,4
-3.8217,-0.57399,4
-2.758,-2.7407,4
-1.7649,-0.097027,4
-0.66748,-0.44398,4
-4.847,-2.5984,4
-2.0788,-1.8714,4
-2.4263,-0.05647,4
-3.1901,-0.67201,4
-1.6407,3.302,4
-3.3512,-7.0325,4
-4.1332,-0.9071,4
-1.8098,-2.3155,4
-1.6972,0.0041675,4
-4.0416,-1.1862,4
-2.1267,1.2113,4
-2.8861,-1.4698,4
-2.5321,-0.14565,4
-3.5816,-1.6629,4
-2.1944,-1.4115,4
-3.648,-3.142,4
-2.6507,3.3448,4
-2.7414,-0.51374,4
-3.0907,-2.1882,4
-3.1904,-0.79984,4
-2.5267,1.093,4
-3.3936,-0.84327,4
-2.8442,-2.5487,4
-2.7904,-5.7925,4
-3.6367,-0.28597,4
-2.9557,-1.4477,4
-3.6845,-3.8591,4
-2.5223,-5.0849,4
-3.4245,-2.1489,4
-4.9846,-0.75594,4
-1.6266,-0.72691,4
-2.0725,-2.5241,4
-2.2999,-1.4749,4
-4.3432,-0.88683,4
-2.0296,-2.0154,4
-2.9039,-1.4189,4
-4.0696,-3.0323,4
-2.7684,2.2014,4
-4.4428,-2.7361,4
-2.6167,-0.46307,4
-2.9082,-1.5032,4
-2.9044,0.26222,4
-4.3718,-1.4379,4
-2.314,-0.85,4
-2.4839,0.43643,4
-1.9502,-2.2404,4
-1.5225,-2.1016,4
-2.6944,-0.13152,4
-3.816,-3.933,4
-4.0018,-0.32403,4
-3.9521,-0.70761,4
-4.3974,-4.0102,4
-1.3537,0.84726,4
-5.0602,-2.9251,4
-2.2132,-1.4972,4
-2.7134,2.2691,4
-2.2141,-4.5383,4
-2.9337,-2.7973,4
-4.8394,-1.9499,4
-2.8738,1.6948,4
-1.81,-2.873,4
-2.6819,-1.0566,4
-3.0634,-0.37186,4
-4.0745,1.2852,4
-3.6027,-2.6452,4
-3.5277,-1.3463,4
-1.348,1.3642,4
-4.561,-0.54793,4
-5.0191,-1.0069,4
-3.6982,0.05732,4
-3.7444,-0.99762,4
-2.4185,-4.0537,4
-2.3465,-4.737,4
-2.3981,0.346,4
-4.264,-4.4814,4
-3.3313,0.12441,4
-3.8461,-2.9966,4
-3.2427,1.3582,4
-4.0883,-2.8638,4
-4.8289,-1.1763,4
-3.0416,-3.2017,4
-1.9082,-0.40078,4
-4.0663,-5.879,4
-2.8019,-2.2967,4
-3.025,1.2312,4
-4.0358,-2.8959,4
-1.9822,-3.6096,4
-2.5544,4.5557,4
-1.9308,3.0153,4
-3.3397,-0.44866,4
-3.2306,-0.45751,4
-1.8606,-0.047641,4
-2.7012,0.12627,4
-2.3572,0.95117,4
-2.437,-0.10167,4
-2.7413,-0.87073,4
-4.1916,0.11183,4
-1.8223,2.6072,4
-1.711,-1.7531,4
-3.7454,0.17443,4
-2.3547,-2.64,4
-4.2083,-0.43795,4
-1.4272,0.94685,4
-2.1929,-0.09866,4
-3.2111,-3.9073,4
-3.6939,-3.272,4
-3.5439,-2.4475,4
-2.1627,0.26845,4
-1.8955,1.5281,4
-3.6251,-1.1494,4
-4.4377,-1.7698,4
-3.5136,-2.2248,4
-3.4155,-1.6618,4
-4.1033,-5.1787,4
-2.4503,-0.62965,4
-1.1869,1.8189,4
-0.1373,-1.3273,4
-2.2211,-0.5819,4
-4.006,-3.4418,4
-4.1558,-1.3867,4
-1.423,-3.1035,4
-1.3021,-0.20574,4
-4.6782,-0.40694,4
-3.0685,2.215,4
-2.1804,0.15171,4
-4.9449,0.16109,4
-2.9621,0.70864,4
-2.6381,-3.7232,4
-2.9582,0.70524,4
-2.4452,0.079652,4
-5.1042,0.99142,4
-2.3498,0.79019,4
-4.1489,-3.4813,4
-3.4075,-1.9654,4
-3.364,0.50105,4
-3.3996,1.2157,4
-3.9521,-1.2619,4
-2.9919,-2.868,4
-3.9904,0.042075,4
-3.2655,-0.73158,4
-3.4954,1.6807,4
-2.3006,-0.1297,4
-4.0336,-0.61434,4
-3.7313,-0.35919,4
-4.3534,-4.2253,4
-4.156,-1.4512,4
-2.8478,-1.7286,4
-4.3801,-0.57868,4
-3.7331,0.97792,4
-3.996,-3.5971,4
-3.0552,-1.6634,4
-2.2344,-5.0786,4
-3.1196,1.2298,4
-1.5606,-1.9888,4
-2.7034,-2.6838,4
-2.3014,0.92845,4
-2.9195,0.1011,4
-1.7605,-1.0956,4
-2.877,-3.0489,4
-0.74963,2.3711,4
-5.7103,-2.0303,4
-2.5807,-1.9016,4
-3.4276,2.6612,4
-1.9628,-1.5567,4
-3.2481,-0.84437,4
-1.9835,2.5065,4
-2.0411,-1.8158,4
-0.89844,-0.48486,4
-2.6967,-1.2972,4
